Hotel name,Prices,Rating counts,Total Rating,Address,Distance from center,Hotel-link,City
The Hosteller Tirthan Valley,1059,4.2,28,Gushaini,0km,https://www.makemytrip.com/hotels/the_hosteller_tirthan_valley-details-banjar.html,Gushaini
SaffronStays Hillstation over Tirthan Valley,20914,0,0, In Gushaini,0km,https://www.makemytrip.com/hotels/saffronstays_hillstation_over_tirthan_valley-details-banjar.html,Sharchi 
Khushi Homes,1066,,0,Gushaini,0km,https://www.makemytrip.com/hotels/khushi_homes-details-banjar.html,Gushaini
Tirthan Plum Cottages,1643,4.0,6,Gushaini,0km,https://www.makemytrip.com/hotels/tirthan_plum_cottages-details-banjar.html,Gushaini
Tirthan Height - A home facing toward Snow capped Mountains,1789,5.0,4,Gushaini,0km,https://www.makemytrip.com/hotels/tirthan_height_a_home_facing_toward_snow_capped_mountains-details-banjar.html,Gushaini
Apple Blush Retreat,1527,5.0,3,Gushaini,0km,https://www.makemytrip.com/hotels/apple_blush_retreat-details-banjar.html,Gushaini
TULSI HOME STAY,1744,0,0,Gushaini,0km,https://www.makemytrip.com/hotels/tulsi_home_stay-details-banjar.html,Gushaini
Villas Resort - By Tirthan Riverside,4263,0,0,Gushaini,0km,https://www.makemytrip.com/hotels/villas_resort_by_tirthan_riverside-details-banjar.html,Gushaini
Odin Stays and Cafe,1708,0,0,Gushaini,0km,https://www.makemytrip.com/hotels/odin_stays_and_cafe-details-banjar.html,Gushaini
Rudra Rainbow | A Trout House in Tirthan,2875,0,0,Gushaini,0km,https://www.makemytrip.com/hotels/rudra_rainbow_a_trout_house_in_tirthan-details-banjar.html,Gushaini
Tirthan Valley camps by Travel Two Trip,5287,0,0,Gushaini,0km,https://www.makemytrip.com/hotels/tirthan_valley_camps_by_travel_two_trip-details-banjar.html,Gushaini
Riverside Forest Camping,1643,0,0,Gushaini,0km,https://www.makemytrip.com/hotels/riverside_forest_camping-details-banjar.html,Gushaini
Tirthan Nature Lap Home Stay,3164,0,0,Gushaini,0km,https://www.makemytrip.com/hotels/tirthan_nature_lap_home_stay-details-banjar.html,Gushaini
Tirthan Valley Wooden House | Rooms & Wi-Fi,2108,4.5,37, 360 m from Gushaini,360 m ,https://www.makemytrip.com/hotels/tirthan_valley_wooden_house_rooms_wi_fi-details-banjar.html,Tirthan Valley 
StayVista at Rustic Loft 2 @ Wisteria Whispers,20899,0,0, 780 m from Gushaini,780 m ,https://www.makemytrip.com/hotels/stayvista_at_rustic_loft_2_wisteria_whispers-details-banjar.html,Tirthan Valley 
StayVista at Rustic Loft 1 @ Wisteria Whispers,13754,0,0, 780 m from Gushaini,780 m ,https://www.makemytrip.com/hotels/stayvista_at_rustic_loft_1_wisteria_whispers-details-banjar.html,Tirthan Valley 
StayVista at Wisteria Whispers,28610,0,0, 780 m from Gushaini,780 m ,https://www.makemytrip.com/hotels/stayvista_at_wisteria_whispers-details-banjar.html,Tirthan Valley 
Brown Dipper House by Humming Woods,1873,4.9,12, 1.5 km from Gushaini,0km,https://www.makemytrip.com/hotels/brown_dipper_house_by_humming_woods-details-banjar.html,Tirthan Valley 
Sneha Homestay,1734,4.9,16, 2.4 km from Gushaini,0km,https://www.makemytrip.com/hotels/sneha_homestay-details-banjar.html,Tirthan Valley 
Tirthan Travel Nest Homestay | Rooms & Caretaker,2197,4.9,41, 2.7 km from Gushaini,0km,https://www.makemytrip.com/hotels/tirthan_travel_nest_homestay_rooms_caretaker-details-banjar.html,Tirthan Valley 
The Brightside Resorts Tirthan A Riverside Hotel,4394,3.7,57, 1.4 km from Gushaini,0km,https://www.makemytrip.com/hotels/the_brightside_resorts_tirthan_a_riverside_hotel-details-banjar.html,Tirthan Valley 
Anand@Tirthan,4180,,84, 1 km from Gushaini,1 km ,https://www.makemytrip.com/hotels/anand_tirthan-details-banjar.html,Tirthan Valley 
USHA GUEST HOUSE,1995,,4, 1.8 km from Gushaini,1.8 km ,https://www.makemytrip.com/hotels/usha_guest_house-details-banjar.html,Tirthan Valley 
Sharda Resorts Tirthan Valley,2637,,58, 2.9 km from Gushaini,2.9 km ,https://www.makemytrip.com/hotels/sharda_resorts_tirthan_valley-details-banjar.html,Tirthan Valley 
ShivAdya Tirthan-Boutique Hotel in Tirthan Valley,6500,,7, 1.2 km from Gushaini,1.2 km ,https://www.makemytrip.com/hotels/shivadya_tirthan_boutique_hotel_in_tirthan_valley-details-banjar.html,Tirthan Valley 
Bisht Niwas,3831,4.1,45, 2.6 km from Gushaini,0km,https://www.makemytrip.com/hotels/bisht_niwas-details-banjar.html,Tirthan Valley 
Tara Homestay | Rooms & Guided Treks,794,4.1,166, 1.8 km from Gushaini,0km,https://www.makemytrip.com/hotels/tara_homestay_rooms_guided_treks-details-banjar.html,Banjar 
Devlok Homestay,1232,4.3,25, 1.8 km from Gushaini,1.8 km ,https://www.makemytrip.com/hotels/devlok_homestay-details-banjar.html,Tirthan Valley 
Devat Farm Cottages | Rooms & Restaurant,4043,4.6,30, 2.3 km from Gushaini,0km,https://www.makemytrip.com/hotels/devat_farm_cottages_rooms_restaurant-details-banjar.html,Tirthan Valley 
Tirthan Himalayan Holidays Home stay,2154,0,0, 2.1 km from Gushaini,2.1 km ,https://www.makemytrip.com/hotels/tirthan_himalayan_holidays_home_stay-details-banjar.html,Tirthan Valley 
Tirthan Diaries,6181,0,0, 2.7 km from Gushaini,2.7 km ,https://www.makemytrip.com/hotels/tirthan_diaries-details-banjar.html,Tirthan Valley 
The Forest Edge,4490,4.8,21, 1.8 km from Gushaini,0km,https://www.makemytrip.com/hotels/the_forest_edge-details-banjar.html,Tirthan Valley 
Trimounts-A Boutique Hotel,2833,,0, 2.5 km from Gushaini,2.5 km ,https://www.makemytrip.com/hotels/trimounts_a_boutique_hotel-details-banjar.html,Sharchi 
TIRTHAN VILLA AND RESORT KULLU,2349,4.4,13, 2.2 km from Gushaini,2.2 km ,https://www.makemytrip.com/hotels/tirthan_villa_and_resort_kullu-details-banjar.html,Tirthan Valley 
Riverstep Nature Camp & Huts,790,0,0, 2.5 km from Gushaini,2.5 km ,https://www.makemytrip.com/hotels/riverstep_nature_camp_huts-details-banjar.html,Tirthan Valley 
Bluehouse By The River,19458,4.2,13, 1.4 km from Gushaini,1.4 km ,https://www.makemytrip.com/hotels/bluehouse_by_the_river-details-banjar.html,Tirthan Valley 
Offbeat Abodes - Tirthan Valley | Homestay,3609,4.1,21, 1.4 km from Gushaini,0km,https://www.makemytrip.com/hotels/offbeat_abodes_tirthan_valley_homestay-details-banjar.html,Tirthan Valley 
Heaven tirthan view home stay sharchi,2049,4.5,6, 2.8 km from Gushaini,2.8 km ,https://www.makemytrip.com/hotels/heaven_tirthan_view_home_stay_sharchi-details-banjar.html,Sharchi 
Hostay Tirthan,2870,,0, 1.1 km from Gushaini,1.1 km ,https://www.makemytrip.com/hotels/hostay_tirthan-details-banjar.html,Tirthan Valley 
Mazel Tov Hostel | Rooms & Dorms,1051,4.1,10, 2.5 km from Gushaini,2.5 km ,https://www.makemytrip.com/hotels/mazel_tov_hostel_rooms_dorms-details-banjar.html,Tirthan Valley 
BHAGWATI HOME STAY,1698,4.6,5, 2.2 km from Gushaini,2.2 km ,https://www.makemytrip.com/hotels/bhagwati_home_stay-details-banjar.html,Tirthan Valley 
Tirthan Holidays Camp & Cottages,3076,0,0, 2.6 km from Gushaini,2.6 km ,https://www.makemytrip.com/hotels/tirthan_holidays_camp_cottages-details-banjar.html,Tirthan Valley 
Mountiver X Tirthan Valley,10230,0,0, 2.2 km from Gushaini,2.2 km ,https://www.makemytrip.com/hotels/mountiver_x_tirthan_valley-details-banjar.html,Banjar 
Tirthan Majestic View Home Stay,1591,0,0, 1.6 km from Gushaini,1.6 km ,https://www.makemytrip.com/hotels/tirthan_majestic_view_home_stay-details-banjar.html,Banjar 
OYO Kamal Guest House Tirthan,725,,0, 2.9 km from Gushaini,2.9 km ,https://www.makemytrip.com/hotels/oyo_kamal_guest_house_tirthan-details-banjar.html,Tirthan Valley 
The Riverwalk Resort Tirthan,2268,,15, 3.4 km from Gushaini,3.4 km ,https://www.makemytrip.com/hotels/the_riverwalk_resort_tirthan-details-banjar.html,Tirthan Valley 
TIRTHAN MID POINT - BY RIVER SIDE,4686,4.1,59, 4.7 km from Gushaini,0km,https://www.makemytrip.com/hotels/tirthan_mid_point_by_river_side-details-banjar.html,Tirthan Valley 
Jujurana Stays.,6761,3.9,50, 4.7 km from Gushaini,0km,https://www.makemytrip.com/hotels/jujurana_stays_-details-banjar.html,Tirthan Valley 
Tirthan Living Green,4107,4.4,7, 4.7 km from Gushaini,4.7 km ,https://www.makemytrip.com/hotels/tirthan_living_green-details-banjar.html,Tirthan Valley 
House of Sharon - Tirthan Valley,3201,4.2,8, 4.9 km from Gushaini,0km,https://www.makemytrip.com/hotels/house_of_sharon_tirthan_valley-details-banjar.html,Tirthan Valley 
Divine Tirthan - A perfect getaway in the lap of Himalayas,2952,,3, 4 km from Gushaini,4 km ,https://www.makemytrip.com/hotels/divine_tirthan_a_perfect_getaway_in_the_lap_of_himalayas-details-banjar.html,Tirthan Valley 
Symphony Woods Resort Tirthan,2916,,4, 3.3 km from Gushaini,3.3 km ,https://www.makemytrip.com/hotels/symphony_woods_resort_tirthan-details-banjar.html,Tirthan Valley 
StayVista at Mellow @ Breezy Banks,12949,0,0, 4.7 km from Gushaini,0km,https://www.makemytrip.com/hotels/stayvista_at_mellow_breezy_banks-details-banjar.html,Tirthan Valley 
StayVista at Zephyr @ Breezy Banks,23487,0,0, 4.7 km from Gushaini,0km,https://www.makemytrip.com/hotels/stayvista_at_zephyr_breezy_banks-details-banjar.html,Tirthan Valley 
Zannat @tirthan,2963,0,0, 4.6 km from Gushaini,4.6 km ,https://www.makemytrip.com/hotels/zannat_tirthan-details-banjar.html,Pekhri 
SHANAYA CAFE AND ROOMS,1719,0,0, 3.9 km from Gushaini,3.9 km ,https://www.makemytrip.com/hotels/shanaya_cafe_and_rooms-details-banjar.html,Tirthan Valley 
StayVista at Melodic @ Breezy Banks,5267,0,0, 4.7 km from Gushaini,0km,https://www.makemytrip.com/hotels/stayvista_at_melodic_breezy_banks-details-banjar.html,Tirthan Valley 
StayVista at Gale @ Breezy Banks,5267,0,0, 4.7 km from Gushaini,0km,https://www.makemytrip.com/hotels/stayvista_at_gale_breezy_banks-details-banjar.html,Tirthan Valley 
StayVista at Breezy Banks,33216,0,0, 4.7 km from Gushaini,0km,https://www.makemytrip.com/hotels/stayvista_at_breezy_banks-details-banjar.html,Tirthan Valley 
Great Himalayan nature view cottage and resort,2636,,0, 4 km from Gushaini,4 km ,https://www.makemytrip.com/hotels/great_himalayan_nature_view_cottage_and_resort-details-banjar.html,Tirthan Valley 
TIRTHAN VALLEY SIGHT SEEN,1961,0,0, 3.3 km from Gushaini,3.3 km ,https://www.makemytrip.com/hotels/tirthan_valley_sight_seen-details-banjar.html,Tirthan Valley 
Mount Trek Camping,2322,0,0, 4.5 km from Gushaini,4.5 km ,https://www.makemytrip.com/hotels/mount_trek_camping-details-banjar.html,Tirthan Valley 
Hotel Mansarovar - Tirthan Valley,2583,,6, 8.1 km from Gushaini,8.1 km ,https://www.makemytrip.com/hotels/hotel_mansarovar_tirthan_valley-details-banjar.html,Tirthan Valley 
RIVERAANSH HOME STAY | Hill View Rooms,3121,4.7,30, 6.2 km from Gushaini,0km,https://www.makemytrip.com/hotels/riveraansh_home_stay_hill_view_rooms-details-banjar.html,Tirthan Valley 
Doris Mountain Cabins Tirthan,1231,5.0,3, 8 km from Gushaini,0km,https://www.makemytrip.com/hotels/doris_mountain_cabins_tirthan-details-banjar.html,Tirthan Valley 
Woodtrail Cottages Jibhi,1401,4.5,5, 8.1 km from Gushaini,8.1 km ,https://www.makemytrip.com/hotels/woodtrail_cottages_jibhi-details-banjar.html,Tirthan Valley 
Khwaabgaah  A Boutique Homestay,2649,4.9,8, 5.8 km from Gushaini,5.8 km ,https://www.makemytrip.com/hotels/khwaabgaah_a_boutique_homestay-details-banjar.html,Tirthan Valley 
Pahadi basera,3198,4.6,29, 9.6 km from Gushaini,9.6 km ,https://www.makemytrip.com/hotels/pahadi_basera-details-banjar.html,Banjar 
VIPUL TIRTHAN VIEW HOME STAY,1916,4.4,32, 8 km from Gushaini,8 km ,https://www.makemytrip.com/hotels/vipul_tirthan_view_home_stay-details-banjar.html,Tirthan Valley 
Tirthan Jaabal  Homestay,2464,4.5,18, 8.1 km from Gushaini,8.1 km ,https://www.makemytrip.com/hotels/tirthan_jaabal_homestay-details-banjar.html,Tirthan Valley 
Rustic Wood House Village Homestay,2122,4.4,13, 8 km from Gushaini,8 km ,https://www.makemytrip.com/hotels/rustic_wood_house_village_homestay-details-banjar.html,Bini 
LivingStone | Rooms at River View Cottages,4544,4.3,11, 7.1 km from Gushaini,0km,https://www.makemytrip.com/hotels/livingstone_rooms_at_river_view_cottages-details-banjar.html,Bini 
Mozo Inn and Cafe Jibhi,862,4.0,13, 7.8 km from Gushaini,0km,https://www.makemytrip.com/hotels/mozo_inn_and_cafe_jibhi-details-banjar.html,Bini 
Cloud Walker Inn | Rooms & Restaurant,2045,3.8,14, 8.4 km from Gushaini,8.4 km ,https://www.makemytrip.com/hotels/cloud_walker_inn_rooms_restaurant-details-banjar.html,Bini 
Tirthan River View Cottage | Rooms & Restaurant,1818,4.9,10, 9.3 km from Gushaini,0km,https://www.makemytrip.com/hotels/tirthan_river_view_cottage_rooms_restaurant-details-banjar.html,Banjar 
Tirthan Cottage By Upvan,2875,3.7,6, 8.1 km from Gushaini,0km,https://www.makemytrip.com/hotels/tirthan_cottage_by_upvan-details-banjar.html,Tirthan Valley 
HOTEL THE BLACK MOREL,1437,,6, 8 km from Gushaini,8 km ,https://www.makemytrip.com/hotels/hotel_the_black_morel-details-banjar.html,Tirthan Valley 
NIRMAL VILLA,1620,,4, 7.6 km from Gushaini,7.6 km ,https://www.makemytrip.com/hotels/nirmal_villa-details-banjar.html,Tirthan Valley 
The Lost Cafe & Stays,2899,4.0,3, 5.7 km from Gushaini,5.7 km ,https://www.makemytrip.com/hotels/the_lost_cafe_stays-details-banjar.html,Tirthan Valley 
Palach Kothi,4910,0,0, 7.6 km from Gushaini,0km,https://www.makemytrip.com/hotels/palach_kothi-details-banjar.html,Banjar 
StayApart -All View Cottage & River Camps,2933,0,0, 8.6 km from Gushaini,8.6 km ,https://www.makemytrip.com/hotels/stayapart_all_view_cottage_river_camps-details-banjar.html,Tirthan Valley 
Banjara Cottage And Retreat Sojha,5311,0,0, 8.1 km from Gushaini,8.1 km ,https://www.makemytrip.com/hotels/banjara_cottage_and_retreat_sojha-details-banjar.html,Tirthan Valley 
Rishab Homestay Tirthan,4107,0,0, 5.1 km from Gushaini,5.1 km ,https://www.makemytrip.com/hotels/rishab_homestay_tirthan-details-banjar.html,Tirthan Valley 
Purab Home Stay,1784,0,0, 7.6 km from Gushaini,0km,https://www.makemytrip.com/hotels/purab_home_stay-details-banjar.html,Tirthan Valley 
VIEW POINT,1732,0,0, 7.8 km from Gushaini,7.8 km ,https://www.makemytrip.com/hotels/view_point-details-banjar.html,Bini 
SECLUDE CABIN JIBHI,1455,0,0, 8.3 km from Gushaini,8.3 km ,https://www.makemytrip.com/hotels/seclude_cabin_jibhi-details-banjar.html,Bini 
Chandan Thakur HomeStay tirthan valley,2547,0,0, 8.1 km from Gushaini,8.1 km ,https://www.makemytrip.com/hotels/chandan_thakur_homestay_tirthan_valley-details-banjar.html,Tirthan Valley 
Tirthan Brij Edge cottages,2547,0,0, 8.2 km from Gushaini,8.2 km ,https://www.makemytrip.com/hotels/tirthan_brij_edge_cottages-details-banjar.html,Banjar 
Hideway Holt Tiny Cabin,3820,0,0, 6.5 km from Gushaini,6.5 km ,https://www.makemytrip.com/hotels/hideway_holt_tiny_cabin-details-banjar.html,Tirthan Valley 
Livingstone Mud Houses Tirthan Valley,1454,0,0, 8.1 km from Gushaini,8.1 km ,https://www.makemytrip.com/hotels/livingstone_mud_houses_tirthan_valley-details-banjar.html,Tirthan Valley 
The Seraj,1521,,0, 8.5 km from Gushaini,8.5 km ,https://www.makemytrip.com/hotels/the_seraj-details-banjar.html,Tirthan Valley 
HOTEL ROYAL GALAXY,2302,,0, 7.8 km from Gushaini,7.8 km ,https://www.makemytrip.com/hotels/hotel_royal_galaxy-details-banjar.html,Tirthan Valley 
Nogo Guest House,851,0,0, 8.1 km from Gushaini,8.1 km ,https://www.makemytrip.com/hotels/nogo_guest_house-details-banjar.html,Tirthan Valley 
Hotel Meena Paying Guest House,2076,0,0, 8 km from Gushaini,8 km ,https://www.makemytrip.com/hotels/hotel_meena_paying_guest_house-details-banjar.html,Tirthan Valley 
OYO Home Tirthan Crest Hostel & Homestay in Jibbi,662,0,0, 8.3 km from Gushaini,8.3 km ,https://www.makemytrip.com/hotels/oyo_home_tirthan_crest_hostel_homestay_in_jibbi-details-banjar.html,Tirthan Valley 
OYO Home 810621 Tirthan Heaven,725,0,0, 9.2 km from Gushaini,9.2 km ,https://www.makemytrip.com/hotels/oyo_home_tirthan_heaven-details-banjar.html,Tirthan Valley 
Zostel Homes Laida (Jibhi),2507,4.7,33, 10.5 km from Gushaini,0km,https://www.makemytrip.com/hotels/zostel_homes_laida_jibhi_-details-banjar.html,Chanon 
Ishan Log Hut,6152,4.4,23, 10.4 km from Gushaini,0km,https://www.makemytrip.com/hotels/ishan_log_hut-details-banjar.html,Bahu 
LivingStone| Backwater Resort,3545,4.6,6, 15.2 km from Gushaini,0km,https://www.makemytrip.com/hotels/livingstone_backwater_resort-details-banjar.html,Tirthan Valley 
Tirthan Ronak Camping River Touch View,2587,4.5,5, 17.7 km from Gushaini,17.7 km ,https://www.makemytrip.com/hotels/tirthan_ronak_camping_river_touch_view-details-banjar.html,Banjar 
Off the trail Cabin & Cafe,1975,3.7,3, 10.4 km from Gushaini,10.4 km ,https://www.makemytrip.com/hotels/off_the_trail_cabin_cafe-details-banjar.html,Bahu 
OmShiva Homestay,546,0,0, 14.1 km from Gushaini,14.1 km ,https://www.makemytrip.com/hotels/omshiva_homestay-details-banjar.html,Banjar 
Rudra Homestay,437,0,0, 14.1 km from Gushaini,14.1 km ,https://www.makemytrip.com/hotels/rudra_homestay-details-banjar.html,Banjar 
"The Mountain View Cottage, Jibhi",2637,0,0, 10.5 km from Gushaini,10.5 km ,https://www.makemytrip.com/hotels/the_mountain_view_cottage_jibhi-details-banjar.html,Bahu 
The Baaga Village,1571,0,0, 12.4 km from Gushaini,12.4 km ,https://www.makemytrip.com/hotels/the_baaga_village-details-banjar.html,Ratwah 
Hipostel Laida,1375,0,0, 10.4 km from Gushaini,10.4 km ,https://www.makemytrip.com/hotels/hipostel_laida-details-banjar.html,Chanon 
LivingStone Tirthan Stone Cottage,5288,0,0, 15.2 km from Gushaini,0km,https://www.makemytrip.com/hotels/livingstone_tirthan_stone_cottage-details-banjar.html,Tirthan Valley 
TIRTHAN VALLEY HOLIDAY HOME,2984,0,0, 14.9 km from Gushaini,14.9 km ,https://www.makemytrip.com/hotels/tirthan_valley_holiday_home-details-banjar.html,Banjar 
